{
  "ETH/USDT|15m": {
    "until": 1758559617.2717352
  },
  "BNB/USDT|15m": {
    "until": 1758559617.2717352
  },
  "SOL/USDT|15m": {
    "until": 1758559617.2717352
  },
  "XRP/USDT|15m": {
    "until": 1758559617.2717352
  },
  "DOGE/USDT|15m": {
    "until": 1758558789.7154021
  },
  "TON/USDT|15m": {
    "until": 1758539627.2422495
  },
  "TRX/USDT|15m": {
    "until": 1758558789.7154021
  },
  "ADA/USDT|15m": {
    "until": 1758558789.7154021
  },
  "LINK/USDT|15m": {
    "until": 1758558789.7154021
  },
  "AVAX/USDT|15m": {
    "until": 1758558364.8815713
  },
  "SHIB/USDT|15m": {
    "until": 1758539627.2422495
  },
  "MATIC/USDT|15m": {
    "until": 1758558789.7154021
  },
  "DOT/USDT|15m": {
    "until": 1758558789.7154021
  },
  "LTC/USDT|15m": {
    "until": 1758558364.8815713
  },
  "BTC/USDT|15m": {
    "until": 1758559617.2717352
  },
  "ATOM/USDT|15m": {
    "until": 1758558789.7154021
  }
}